<wa_preset type="object" name="BattleComm: User Login">
<is_blank type="boolean" name="is_blank" >false</is_blank>
<folder type="string" name="folder" >{CONFIGSHARED}WebAssist/DataAssist/XML/Schema/</folder>
<schema_name type="string" name="schema_name" ></schema_name>
<schema_file type="string" name="schema_file" ></schema_file>
<create_database type="boolean" name="create_database" >false</create_database>
<design_name type="string" name="design_name" >BattleComm:Admin</design_name>
<design_file type="string" name="design_file" >BattleCommAdmin.xml</design_file>
<design_object type="object" name="design_object">
<name type="string" name="name" >New Design</name>
<version type="string" name="version" >1.0</version>
<category type="string" name="category" >Basic</category>
<category_file type="string" name="category_file" >Basic.xml</category_file>
<design type="string" name="design" >Default</design>
<design_file type="string" name="design_file" >Default.xml</design_file>
<button_type type="string" name="button_type" ></button_type>
<button_theme type="string" name="button_theme" ></button_theme>
<custom_buttons type="boolean" name="custom_buttons" >false</custom_buttons>
<button_design type="string" name="button_design" >Modular</button_design>
<button_css type="string" name="button_css" >
form.Basic_Default input.formButton.Modular {
	padding-top: 10px;
	padding-right: 20px;
	padding-bottom: 10px;
	padding-left: 20px;
	border-style: solid;
	outline: #d8e9f1 1px solid;
	color: #ffffff;
	background-color: #287697;
	border-color: #ffffff;
	font-family: Arial, Verdana, sans-serif;
	font-size: 1.0em;
	border-width: 1px;
}
form.Basic_Default input.formButton.Modular:hover {
	color: #ffffff;
	background-color: #25587a;
}
</button_css>
<button_html type="string" name="button_html" ><input type="submit" value="Submit" class="formButton Modular" id="Modular" name="Modular" /></button_html>
<form_css type="string" name="form_css" >@charset "utf-8";
/* Spry formats */
form.Basic_Default .textfieldRequiredState .textfieldRequiredMsg, 
form.Basic_Default .textfieldInvalidFormatState .textfieldInvalidFormatMsg, 
form.Basic_Default .textfieldMinValueState .textfieldMinValueMsg,
form.Basic_Default .textfieldMaxValueState .textfieldMaxValueMsg,
form.Basic_Default .textfieldMinCharsState .textfieldMinCharsMsg,
form.Basic_Default .textfieldMaxCharsState .textfieldMaxCharsMsg {
	color:#b40000;
	white-space:nowrap;
}
form.Basic_Default .checkboxRequiredState .checkboxRequiredMsg,
form.Basic_Default .checkboxMinSelectionsState .checkboxMinSelectionsMsg,
form.Basic_Default .checkboxMaxSelectionsState .checkboxMaxSelectionsMsg {
	color:#b40000;
	white-space:nowrap;
}
form.Basic_Default .selectRequiredState .selectRequiredMsg,
form.Basic_Default .selectInvalidState .selectInvalidMsg {
	color:#b40000;
	white-space:nowrap;
}
form.Basic_Default .textareaRequiredState .textareaRequiredMsg,
form.Basic_Default .textareaMinCharsState .textareaMinCharsMsg,
form.Basic_Default .textareaMaxCharsState .textareaMaxCharsMsg {
	color:#b40000;
	white-space:nowrap;
}
form.Basic_Default .radioRequiredState .radioRequiredMsg,
form.Basic_Default .radioInvalidState .radioInvalidMsg {
	color:#b40000;
	white-space:nowrap;
}
form.Basic_Default .passwordRequiredState .passwordRequiredMsg,
form.Basic_Default .passwordMinCharsState .passwordMinCharsMsg,
form.Basic_Default .passwordMaxCharsState .passwordMaxCharsMsg,
form.Basic_Default .passwordInvalidStrengthState .passwordInvalidStrengthMsg,
form.Basic_Default .passwordCustomState .passwordCustomMsg {
	color:#b40000;
	white-space:nowrap;
}
form.Basic_Default .confirmRequiredState .confirmRequiredMsg,
form.Basic_Default .confirmInvalidState .confirmInvalidMsg {
	color:#b40000;
	white-space:nowrap;
}

form.Basic_Default span.additionalErrorZone {
	white-space:nowrap;
}
form.Basic_Default div.errorGroup {
	margin-left:125px;
}
form.Basic_Default span.serverInvalidState {
	color:#b40000;
	white-space:nowrap;
}

/* form general definition */
form.Basic_Default {
	width:760px;
}

form.Basic_Default a {
    color:#000;	
}
form.Basic_Default ul.Basic_Default {
  list-style-type:none;
  margin: 0;
  padding: 0;
}
form.Basic_Default ul.formList {
	padding:0 0 0 0;
	margin:0 0 0 0;
  list-style-type:none;
}
form.Basic_Default li.formItem {
	clear:both;
}
form.Basic_Default fieldset.Basic_Default {
	padding-bottom:12px;
}

/* legend */
form.Basic_Default legend.groupHeader {
	font-weight:bold;
	font-size:larger;
	white-space:nowrap;
}

/* labels */
form.Basic_Default label.groupHeader {
	text-align:right;
	display:block;
	float:left;
	position:relative;
}
form.Basic_Default label.sublabel, form.Basic_Default td.DetailsPage, form.Basic_Default td.DetailsSublabel {
	font-weight:normal;
	text-align:right;
	width:120px;
	float:left;
	display:block;
	margin-top:5px;
	margin-bottom:5px;
	padding-right:5px;
}

form.Basic_Default td.DetailsPage {
	width:auto;
	text-align:left;
	display:table-cell;
}
form.Basic_Default td.DetailsSublabel {
	text-align:right;
	float:none;
	display:table-cell;
}
form.Basic_Default label.secondSublabel {
	width:auto;
}
form.Basic_Default label.sublabelPlaceholder {
}
form.Basic_Default span.requiredIndicator {
	color:#b40000;
}
form.Basic_Default span.fieldsetDescription {
	color:#b40000;
}

/* span wrappers for form */
form.Basic_Default div.lineGroup {
	clear:left;
	display:block;
}
form.Basic_Default div.fullColumnGroup {
	width:728px;
	padding-bottom:15px;
	padding-top:7px;
	display:inline;
	float:left;
}
form.Basic_Default div.SameAsCheck_Row {
}

form.Basic_Default span.precedingText {
	text-align:right;
	font-weight: bold;
}
form.Basic_Default div.trailingText {
  white-space:nowrap;
}
form.Basic_Default div.trailingText a {
}
form.Basic_Default div.trailingText div {
  background-color:#8c8c8c;
}

/* wide groups for items on a single line */
form.Basic_Default span.wideFieldGroup {
	width:100%;
	float:left;
}

/* button form elements */
form.Basic_Default span.buttonFieldGroup {
	float:left;
	text-align:right;
	clear: both;
	padding-top:15px;
	padding-left:125px;
}
form.Basic_Default input.formButton {
	text-decoration: none;
	cursor: pointer;
	margin: 0;
	padding: 0;
}
form.Basic_Default input.formButton:hover {
}

/* text form elements */
form.Basic_Default input.formTextfield_XSmall {
	background-color:#FFF;
	padding:5px 5px 5px 5px;
	width:50px;
	margin:0;
	margin-left:2px;
}
form.Basic_Default input.formTextfield_Small {
	background-color:#FFF;
	padding:5px 5px 5px 5px;
	width:80px;
	margin:0;
	margin-left:2px;
}
form.Basic_Default input.formTextfield_Medium {
	background-color:#FFF;
	padding:5px 5px 5px 5px;
	width:120px;
	margin:0;
	margin-left:2px;
}
form.Basic_Default input.formTextfield_Large {
	background-color:#FFF;
	padding:5px 5px 5px 5px;
	width:200px;
	margin:0;
	margin-left:2px;
}
form.Basic_Default input.formTextfield_XLarge {
	background-color:#FFF;
	padding:5px 5px 5px 5px;
	width:592px;
	margin:0;
	margin-left:2px;
}

form.Basic_Default .textfieldValidState input, form.Basic_Default input.textfieldValidState {
	background-color:#B8F5B1;
}

form.Basic_Default input.textfieldRequiredState, form.Basic_Default .textfieldRequiredState input, 
form.Basic_Default input.textfieldInvalidFormatState, form.Basic_Default .textfieldInvalidFormatState input, 
form.Basic_Default input.textfieldMinValueState, form.Basic_Default .textfieldMinValueState input, 
form.Basic_Default input.textfieldMaxValueState, form.Basic_Default .textfieldMaxValueState input, 
form.Basic_Default input.textfieldMinCharsState, form.Basic_Default .textfieldMinCharsState input, 
form.Basic_Default input.textfieldMaxCharsState, form.Basic_Default .textfieldMaxCharsState input {
	background-color:#FF9F9F;
}

form.Basic_Default .textfieldFocusState input, form.Basic_Default input.textfieldFocusState {
	background-color:#FFFFCC;
}

form.Basic_Default .textfieldFlashText input, form.Basic_Default input.textfieldFlashText {
	color: red !important;
}

form.Basic_Default .textfieldHintState input, form.Basic_Default input.textfieldHintState {
	/*color: red !important;*/
}


/* textarea form elements */
form.Basic_Default textarea.formTextarea_Small {
	background-color:#FFF;
	padding:5px 5px 5px 5px;
	width:252px;
	height:100px;
	white-space:pre;
	overflow:auto;
	margin:0;
	margin-left:2px;
}
form.Basic_Default textarea.formTextarea_Medium {
	background-color:#FFF;
	padding:5px 5px 5px 5px;
	width:382px;
	height:150px;
	white-space:pre;
	overflow:auto;
	margin:0;
	margin-left:2px;
}
form.Basic_Default textarea.formTextarea_Large {
	background-color:#FFF;
	padding:5px 5px 5px 5px;
	width:514px;
	height:200px;
	white-space:pre;
	overflow:auto;
	margin:0;
	margin-left:2px;
}
form.Basic_Default .textareaValidState textarea, form.Basic_Default textarea.textareaValidState {
	background-color:#B8F5B1;
}

form.Basic_Default textarea.textareaRequiredState, form.Basic_Default .textareaRequiredState textarea, 
form.Basic_Default textarea.textareaMinCharsState, form.Basic_Default .textareaMinCharsState textarea, 
form.Basic_Default textarea.textareaMaxCharsState, form.Basic_Default .textareaMaxCharsState textarea {
	background-color:#FF9F9F;
}

form.Basic_Default .textareaFocusState textarea, form.Basic_Default textarea.textareaFocusState {
	background-color:#FFFFCC;
}

form.Basic_Default .textareaFlashState textarea, form.Basic_Default textarea.textareaFlashState{
	color:red !important;
}

form.Basic_Default textarea.textareaHintState, form.Basic_Default .textareaHintState textarea{
	/* color: red !important;*/
}


/* select form elements */
form.Basic_Default select.formMenufield_XSmall {
	background-color:#FFF;
	padding:5px 5px 5px 5px;
	width:50px;
	margin:0;
	margin-left:2px;
}
form.Basic_Default select.formMenufield_Small {
	background-color:#FFF;
	padding:5px 5px 5px 5px;
	width:80px;
	margin:0;
	margin-left:2px;
}
form.Basic_Default select.formMenufield_Medium {
	background-color:#FFF;
	padding:5px 5px 5px 5px;
	width:120px;
	margin:0;
	margin-left:2px;
}
form.Basic_Default select.formMenufield_Large {
	background-color:#FFF;
	padding:5px 5px 5px 5px;
	width:252px;
	margin:0;
	margin-left:2px;
}
form.Basic_Default select.formMenufield_XLarge {
	background-color:#FFF;
	padding:5px 5px 5px 5px;
	width:382px;
	margin:0;
	margin-left:2px;
}

form.Basic_Default select.formListfield_XSmall {
	background-color:#FFF;
	padding:5px 5px 5px 5px;
	width:50px;
	height:100px;
	margin:0;
	margin-left:2px;
}
form.Basic_Default select.formListfield_Small {
	background-color:#FFF;
	padding:5px 5px 5px 5px;
	width:80px;
	height:100px;
	margin:0;
	margin-left:2px;
}
form.Basic_Default select.formListfield_Medium {
	background-color:#FFF;
	padding:5px 5px 5px 5px;
	width:120px;
	height:100px;
	margin:0;
	margin-left:2px;
}
form.Basic_Default select.formListfield_Large {
	background-color:#FFF;
	padding:5px 5px 5px 5px;
	width:252px;
	height:100px;
	margin:0;
	margin-left:2px;
}
form.Basic_Default select.formListfield_XLarge {
	background-color:#FFF;
	padding:5px 5px 5px 5px;
	width:382px;
	height:150px;
	margin:0;
	margin-left:2px;
}
form.Basic_Default .selectValidState select, form.Basic_Default select.selectValidState {
	background-color:#B8F5B1;
}

form.Basic_Default select.selectRequiredState, form.Basic_Default .selectRequiredState select,
form.Basic_Default select.selectInvalidState, form.Basic_Default .selectInvalidState select {
	background-color:#FF9F9F;
}

.selectFocusState select, form.Basic_Default select.selectFocusState {
	background-color:#FFFFCC;
}

/* radio button form elements */
form.Basic_Default input.formRadioField_Standard {
	background-color:#FFF;
	padding:2px 2px 2px 2px;
	margin-left:2px;
}
form.Basic_Default .radioValidState input, form.Basic_Default input.radioValidState {
	background-color:#B8F5B1;
}
form.Basic_Default input.radioRequiredState, form.Basic_Default .radioRequiredState input,
form.Basic_Default input.radioInvalidState, form.Basic_Default .radioInvalidState input {
	background-color:#FF9F9F;
}
form.Basic_Default .radioFocusState input, form.Basic_Default input.radioFocusState {
	background-color:#FFF;
}

form.Basic_Default span.radioFieldGroup_Narrow {
	
}
form.Basic_Default span.radioFieldGroup_Wide {
	display:block;
}
form.Basic_Default span.radioFieldGroup_OneColumn {
	display:block;
}
form.Basic_Default span.radioGroup_Narrow {
	
}
form.Basic_Default span.radioGroup_Wide {
	display:block;
}
form.Basic_Default span.radioGroup_OneColumn {
	display:block;
}
form.Basic_Default label.radioSublabel_Narrow {
	padding:2px 2px 2px 2px;
	font-weight:normal;
	width:60px;
	float:left;
	display:block;
	text-align:left;
}
form.Basic_Default label.radioSublabel_Wide {
	padding:2px 2px 2px 2px;
	font-weight:normal;
	width:135px;
	float:left;
	display:block;
	text-align:left;
}
form.Basic_Default label.radioSublabel_OneColumn {
	padding:2px 2px 2px 2px;
	font-weight:normal;
	display:block;
	text-align:left;
}


/* checkbox form elements */
form.Basic_Default input.SameAsCheck {
	background-color:#FFF;
	padding:2px 2px 2px 2px;
	margin-left:2px;
}
form.Basic_Default input.formCheckboxField_Standard {
	background-color:#FFF;
	padding:2px 2px 2px 2px;
	margin-left:2px;
}
form.Basic_Default .checkboxValidState input, form.Basic_Default input.checkboxValidState {
	background-color:#B8F5B1;
}
form.Basic_Default input.checkboxRequiredState, form.Basic_Default .checkboxRequiredState input,
form.Basic_Default input.checkboxMinSelectionsState, form.Basic_Default .checkboxMinSelectionsState input,
form.Basic_Default input.checkboxMaxSelectionsState, form.Basic_Default .checkboxMaxSelectionsState input {
	background-color:#FF9F9F;
}
form.Basic_Default .checkboxFocusState input, form.Basic_Default input.checkboxFocusState {
	background-color:#FFF;
}

form.Basic_Default span.checkFieldGroup_Narrow {
	display:block;
}
form.Basic_Default span.checkFieldGroup_Wide {
	
}
form.Basic_Default span.checkFieldGroup_OneColumn {
	display:block;
}
form.Basic_Default span.checkGroup_Narrow {
	display:block;
}
form.Basic_Default span.checkGroup_Wide {
	
}
form.Basic_Default span.checkGroup_OneColumn {
	display:block;
}
form.Basic_Default label.checkSublabel_Narrow {
	font-weight:normal;
	width:60px;
	float:left;
	display:block;
	text-align:left;
	margin-top:5px;
}
form.Basic_Default label.checkSublabel_Wide {
	font-weight:normal;
	width:135px;
	float:left;
	display:block;
	text-align:left;
	margin-top:5px;
}
form.Basic_Default label.checkSublabel_OneColumn {
	font-weight:normal;
	display:block;
	text-align:left;
}

/* confirm and password states (same as text) */
form.Basic_Default input.formPasswordfield_XSmall {
	background-color:#FFF;
	padding:5px 5px 5px 5px;
	width:50px;
	margin:0;
	margin-left:2px;
}
form.Basic_Default input.formPasswordfield_Small {
	background-color:#FFF;
	padding:5px 5px 5px 5px;
	width:80px;
	margin:0;
	margin-left:2px;
}
form.Basic_Default input.formPasswordfield_Medium {
	background-color:#FFF;
	padding:5px 5px 5px 5px;
	width:120px;
	margin:0;
	margin-left:2px;
}
form.Basic_Default input.formPasswordfield_Large {
	background-color:#FFF;
	padding:5px 5px 5px 5px;
	width:200px;
	margin:0;
	margin-left:2px;
}
form.Basic_Default input.formPasswordfield_XLarge {
	background-color:#FFF;
	padding:5px 5px 5px 5px;
	width:592px;
	margin:0;
	margin-left:2px;
}

form.Basic_Default .confirmValidState input, form.Basic_Default input.confirmValidState {
	background-color:#B8F5B1;
}

form.Basic_Default input.confirmRequiredState, form.Basic_Default .confirmRequiredState input, 
form.Basic_Default input.confirmInvalidState, form.Basic_Default .confirmInvalidState input {
	background-color:#FF9F9F;
}

form.Basic_Default .confirmFocusState input, form.Basic_Default input.confirmFocusState {
	background-color:#FFFFCC;
}
form.Basic_Default .passwordValidState input, form.Basic_Default input.passwordValidState {
	background-color:#B8F5B1;
}

form.Basic_Default input.passwordRequiredState, form.Basic_Default .passwordRequiredState input, 
form.Basic_Default input.passwordInvalidStrengthState, form.Basic_Default .passwordInvalidStrengthState input, 
form.Basic_Default input.passwordMinCharsState, form.Basic_Default .passwordMinCharsState input, 
form.Basic_Default input.passwordCustomState, form.Basic_Default .passwordCustomState input, 
form.Basic_Default input.passwordMaxCharsState, form.Basic_Default .passwordMaxCharsState input {
	background-color:#FF9F9F;
}

form.Basic_Default .passwordFocusState input, form.Basic_Default input.passwordFocusState {
	background-color:#FFFFCC;
}

/*Captcha form element*/
form.Basic_Default img.Captcha {
	margin:0 0 -7px 2px;
}

/*Datepicker form element*/
.ui-datepicker {
}
.ui-datepicker a {
}
.ui-datepicker .ui-widget-header {
}
.ui-datepicker thead th {
}

.ui-datepicker tbody td a:link,
.ui-datepicker tbody td a:visited,
.ui-datepicker tbody td a.ui-state-default {
}
.ui-datepicker tbody td a:active,
.ui-datepicker tbody td a.ui-state-active {
}
.ui-datepicker tbody td a:hover,
.ui-datepicker tbody td a.ui-state-hover {
}
.ui-datepicker tbody td a.ui-state-error:link,
.ui-datepicker tbody td a.ui-state-error:visited,
.ui-datepicker tbody td a.ui-state-error {
}
.ui-datepicker tbody .ui-state-error-text {
}

.ui-datepicker tbody td.ui-datepicker-week-end a:link,
.ui-datepicker tbody td.ui-datepicker-week-end a:visited,
.ui-datepicker tbody td.ui-datepicker-week-end a {
}
.ui-datepicker tbody td.ui-datepicker-today a:link,
.ui-datepicker tbody td.ui-datepicker-today a:visited,
.ui-datepicker tbody td.ui-datepicker-today a:hover,
.ui-datepicker tbody td.ui-datepicker-today a {
}

.ui-datepicker tbody td.ui-datepicker-week-end a:hover,
.ui-datepicker tbody td.ui-datepicker-week-end a.ui-state-hover {
}
.ui-datepicker tbody td.ui-datepicker-week-end a:active,
.ui-datepicker tbody td.ui-datepicker-week-end a:focus,
.ui-datepicker tbody td.ui-datepicker-week-end a.ui-state-active {
}

.ui-datepicker-trigger {
  border: 0;
  margin: 0 0 0 1px;
  padding: 0;
  background: none;
}

form.Basic_Default .TextOnly {
  padding-top: 30px;
  display: table-cell;
}</form_css>
<button_changed type="boolean" name="button_changed" >false</button_changed>
<form_changed type="boolean" name="form_changed" >false</form_changed>
<inspect type="boolean" name="inspect" >false</inspect>
<button_tag type="string" name="button_tag" ><input type="submit" value="Submit" class="formButton Modular" id="Modular" name="Modular" /></button_tag>
<theme_object type="object" name="theme_object">
 <category type="string" name="category" >Basic</category>
 <name type="string" name="name" >Default</name>
 <id type="string" name="id" >Basic_Default</id>
 <images_folder type="string" name="images_folder" >{CONFIGSHARED}WebAssist/FormBuilder/FormDefinitions/themes/Basic/Default/</images_folder>
 <settings type="object" name="settings">
  <form type="object" name="form">
   <width type="string" name="width" >760px</width>
   <column_width type="string" name="column_width" >760px</column_width>
   <max_columns type="string" name="max_columns" >1</max_columns>
   <use_tabindex type="string" name="use_tabindex" >true</use_tabindex>
   <tabindex_increment type="string" name="tabindex_increment" >1</tabindex_increment>
   <progressbar_category type="string" name="progressbar_category" >BigSpin</progressbar_category>
   <progressbar_theme type="string" name="progressbar_theme" >Slate</progressbar_theme></form>
  <fieldset type="object" name="fieldset">
   <padding-bottom type="string" name="padding-bottom" >12px</padding-bottom></fieldset>
  <fieldset_legend type="object" name="fieldset_legend">
   <legend_option type="string" name="legend_option" >true|false</legend_option>
   <span_for_legend type="string" name="span_for_legend" >false</span_for_legend>
   <font-size type="string" name="font-size" >larger</font-size>
   <font-weight type="string" name="font-weight" >bold</font-weight></fieldset_legend>
  <fieldset_description type="object" name="fieldset_description">
   <color type="string" name="color" >#b40000</color></fieldset_description>
  <fieldset_contents type="object" name="fieldset_contents">
   <margin-top type="string" name="margin-top" >0</margin-top>
   <margin-right type="string" name="margin-right" >0</margin-right>
   <margin-bottom type="string" name="margin-bottom" >0</margin-bottom>
   <margin-left type="string" name="margin-left" >0</margin-left>
   <padding-top type="string" name="padding-top" >0</padding-top>
   <padding-right type="string" name="padding-right" >0</padding-right>
   <padding-bottom type="string" name="padding-bottom" >0</padding-bottom>
   <padding-left type="string" name="padding-left" >0</padding-left></fieldset_contents>
  <headers type="object" name="headers">
   <placement_option type="string" name="placement_option" >true|true</placement_option>
   <text-align type="string" name="text-align" >right</text-align></headers>
  <element_groups type="object" name="element_groups">
   <padding-top type="string" name="padding-top" >7px</padding-top>
   <padding-right type="string" name="padding-right" >0</padding-right>
   <padding-bottom type="string" name="padding-bottom" >15px</padding-bottom>
   <padding-left type="string" name="padding-left" >0</padding-left></element_groups>
  <labels type="object" name="labels">
   <label_orientation type="string" name="label_orientation" >left</label_orientation>
   <label_append type="string" name="label_append" >:</label_append>
   <text-align type="string" name="text-align" >right</text-align>
   <float type="string" name="float" >left</float>
   <padding-right type="string" name="padding-right" >5px</padding-right>
   <margin-top type="string" name="margin-top" >5px</margin-top>
   <margin-bottom type="string" name="margin-bottom" >5px</margin-bottom>
   <font-weight type="string" name="font-weight" >normal</font-weight>
   <label_width type="string" name="label_width" >120px</label_width>
   <line-height type="string" name="line-height" >30px</line-height></labels>
  <elm_text_all type="object" name="elm_text_all"></elm_text_all>
  <elm_text_xsmall type="object" name="elm_text_xsmall">
   <margin-left type="string" name="margin-left" >2px</margin-left>
   <padding-top type="string" name="padding-top" >5px</padding-top>
   <padding-right type="string" name="padding-right" >5px</padding-right>
   <padding-bottom type="string" name="padding-bottom" >5px</padding-bottom>
   <padding-left type="string" name="padding-left" >5px</padding-left>
   <width type="string" name="width" >50px</width></elm_text_xsmall>
  <elm_text_small type="object" name="elm_text_small">
   <margin-left type="string" name="margin-left" >2px</margin-left>
   <padding-top type="string" name="padding-top" >5px</padding-top>
   <padding-right type="string" name="padding-right" >5px</padding-right>
   <padding-bottom type="string" name="padding-bottom" >5px</padding-bottom>
   <padding-left type="string" name="padding-left" >5px</padding-left>
   <width type="string" name="width" >80px</width></elm_text_small>
  <elm_text_medium type="object" name="elm_text_medium">
   <margin-left type="string" name="margin-left" >2px</margin-left>
   <padding-top type="string" name="padding-top" >5px</padding-top>
   <padding-right type="string" name="padding-right" >5px</padding-right>
   <padding-bottom type="string" name="padding-bottom" >5px</padding-bottom>
   <padding-left type="string" name="padding-left" >5px</padding-left>
   <width type="string" name="width" >120px</width></elm_text_medium>
  <elm_text_large type="object" name="elm_text_large">
   <margin-left type="string" name="margin-left" >2px</margin-left>
   <padding-top type="string" name="padding-top" >5px</padding-top>
   <padding-right type="string" name="padding-right" >5px</padding-right>
   <padding-bottom type="string" name="padding-bottom" >5px</padding-bottom>
   <padding-left type="string" name="padding-left" >5px</padding-left>
   <width type="string" name="width" >200px</width></elm_text_large>
  <elm_text_xlarge type="object" name="elm_text_xlarge">
   <margin-left type="string" name="margin-left" >2px</margin-left>
   <padding-top type="string" name="padding-top" >5px</padding-top>
   <padding-right type="string" name="padding-right" >5px</padding-right>
   <padding-bottom type="string" name="padding-bottom" >5px</padding-bottom>
   <padding-left type="string" name="padding-left" >5px</padding-left>
   <width type="string" name="width" >592px</width></elm_text_xlarge>
  <elm_textarea_all type="object" name="elm_textarea_all"></elm_textarea_all>
  <elm_textarea_large type="object" name="elm_textarea_large">
   <margin-left type="string" name="margin-left" >2px</margin-left>
   <padding-top type="string" name="padding-top" >5px</padding-top>
   <padding-right type="string" name="padding-right" >5px</padding-right>
   <padding-bottom type="string" name="padding-bottom" >5px</padding-bottom>
   <padding-left type="string" name="padding-left" >5px</padding-left>
   <width type="string" name="width" >514px</width>
   <height type="string" name="height" >200px</height></elm_textarea_large>
  <elm_textarea_medium type="object" name="elm_textarea_medium">
   <margin-left type="string" name="margin-left" >2px</margin-left>
   <padding-top type="string" name="padding-top" >5px</padding-top>
   <padding-right type="string" name="padding-right" >5px</padding-right>
   <padding-bottom type="string" name="padding-bottom" >5px</padding-bottom>
   <padding-left type="string" name="padding-left" >5px</padding-left>
   <width type="string" name="width" >382px</width>
   <height type="string" name="height" >150px</height></elm_textarea_medium>
  <elm_textarea_small type="object" name="elm_textarea_small">
   <margin-left type="string" name="margin-left" >2px</margin-left>
   <padding-top type="string" name="padding-top" >5px</padding-top>
   <padding-right type="string" name="padding-right" >5px</padding-right>
   <padding-bottom type="string" name="padding-bottom" >5px</padding-bottom>
   <padding-left type="string" name="padding-left" >5px</padding-left>
   <width type="string" name="width" >252px</width>
   <height type="string" name="height" >100px</height></elm_textarea_small>
  <elm_menu_all type="object" name="elm_menu_all"></elm_menu_all>
  <elm_menu_xsmall type="object" name="elm_menu_xsmall">
   <margin-left type="string" name="margin-left" >2px</margin-left>
   <padding-top type="string" name="padding-top" >5px</padding-top>
   <padding-right type="string" name="padding-right" >5px</padding-right>
   <padding-bottom type="string" name="padding-bottom" >5px</padding-bottom>
   <padding-left type="string" name="padding-left" >5px</padding-left>
   <width type="string" name="width" >50px</width></elm_menu_xsmall>
  <elm_menu_small type="object" name="elm_menu_small">
   <margin-left type="string" name="margin-left" >2px</margin-left>
   <padding-top type="string" name="padding-top" >5px</padding-top>
   <padding-right type="string" name="padding-right" >5px</padding-right>
   <padding-bottom type="string" name="padding-bottom" >5px</padding-bottom>
   <padding-left type="string" name="padding-left" >5px</padding-left>
   <width type="string" name="width" >80px</width></elm_menu_small>
  <elm_menu_medium type="object" name="elm_menu_medium">
   <margin-left type="string" name="margin-left" >2px</margin-left>
   <padding-top type="string" name="padding-top" >5px</padding-top>
   <padding-right type="string" name="padding-right" >5px</padding-right>
   <padding-bottom type="string" name="padding-bottom" >5px</padding-bottom>
   <padding-left type="string" name="padding-left" >5px</padding-left>
   <width type="string" name="width" >120px</width></elm_menu_medium>
  <elm_menu_large type="object" name="elm_menu_large">
   <margin-left type="string" name="margin-left" >2px</margin-left>
   <padding-top type="string" name="padding-top" >5px</padding-top>
   <padding-right type="string" name="padding-right" >5px</padding-right>
   <padding-bottom type="string" name="padding-bottom" >5px</padding-bottom>
   <padding-left type="string" name="padding-left" >5px</padding-left>
   <width type="string" name="width" >252px</width></elm_menu_large>
  <elm_menu_xlarge type="object" name="elm_menu_xlarge">
   <margin-left type="string" name="margin-left" >2px</margin-left>
   <padding-top type="string" name="padding-top" >5px</padding-top>
   <padding-right type="string" name="padding-right" >5px</padding-right>
   <padding-bottom type="string" name="padding-bottom" >5px</padding-bottom>
   <padding-left type="string" name="padding-left" >5px</padding-left>
   <width type="string" name="width" >382px</width></elm_menu_xlarge>
  <elm_list_all type="object" name="elm_list_all"></elm_list_all>
  <elm_list_xsmall type="object" name="elm_list_xsmall">
   <margin-left type="string" name="margin-left" >2px</margin-left>
   <padding-top type="string" name="padding-top" >5px</padding-top>
   <padding-right type="string" name="padding-right" >5px</padding-right>
   <padding-bottom type="string" name="padding-bottom" >5px</padding-bottom>
   <padding-left type="string" name="padding-left" >5px</padding-left>
   <width type="string" name="width" >50px</width>
   <height type="string" name="height" >100px</height></elm_list_xsmall>
  <elm_list_small type="object" name="elm_list_small">
   <margin-left type="string" name="margin-left" >2px</margin-left>
   <padding-top type="string" name="padding-top" >5px</padding-top>
   <padding-right type="string" name="padding-right" >5px</padding-right>
   <padding-bottom type="string" name="padding-bottom" >5px</padding-bottom>
   <padding-left type="string" name="padding-left" >5px</padding-left>
   <width type="string" name="width" >80px</width>
   <height type="string" name="height" >100px</height></elm_list_small>
  <elm_list_medium type="object" name="elm_list_medium">
   <margin-left type="string" name="margin-left" >2px</margin-left>
   <padding-top type="string" name="padding-top" >5px</padding-top>
   <padding-right type="string" name="padding-right" >5px</padding-right>
   <padding-bottom type="string" name="padding-bottom" >5px</padding-bottom>
   <padding-left type="string" name="padding-left" >5px</padding-left>
   <width type="string" name="width" >120px</width>
   <height type="string" name="height" >100px</height></elm_list_medium>
  <elm_list_large type="object" name="elm_list_large">
   <margin-left type="string" name="margin-left" >2px</margin-left>
   <padding-top type="string" name="padding-top" >5px</padding-top>
   <padding-right type="string" name="padding-right" >5px</padding-right>
   <padding-bottom type="string" name="padding-bottom" >5px</padding-bottom>
   <padding-left type="string" name="padding-left" >5px</padding-left>
   <width type="string" name="width" >252px</width>
   <height type="string" name="height" >100px</height></elm_list_large>
  <elm_list_xlarge type="object" name="elm_list_xlarge">
   <margin-left type="string" name="margin-left" >2px</margin-left>
   <padding-top type="string" name="padding-top" >5px</padding-top>
   <padding-right type="string" name="padding-right" >5px</padding-right>
   <padding-bottom type="string" name="padding-bottom" >5px</padding-bottom>
   <padding-left type="string" name="padding-left" >5px</padding-left>
   <width type="string" name="width" >382px</width>
   <height type="string" name="height" >150px</height></elm_list_xlarge>
  <elm_checkbox_all type="object" name="elm_checkbox_all">
   <labels_placement type="string" name="labels_placement" >right</labels_placement>
   <margin-left type="string" name="margin-left" >2px</margin-left>
   <padding-top type="string" name="padding-top" >2px</padding-top>
   <padding-right type="string" name="padding-right" >2px</padding-right>
   <padding-bottom type="string" name="padding-bottom" >2px</padding-bottom>
   <padding-left type="string" name="padding-left" >2px</padding-left></elm_checkbox_all>
  <elm_checkboxgroup_all type="object" name="elm_checkboxgroup_all"></elm_checkboxgroup_all>
  <elm_checkboxgroup_onecolumn type="object" name="elm_checkboxgroup_onecolumn">
   <labels_placement type="string" name="labels_placement" >left</labels_placement></elm_checkboxgroup_onecolumn>
  <elm_checkboxgroup_narrow type="object" name="elm_checkboxgroup_narrow">
   <labels_placement type="string" name="labels_placement" >left</labels_placement>
   <width type="string" name="width" >60px</width></elm_checkboxgroup_narrow>
  <elm_checkboxgroup_wide type="object" name="elm_checkboxgroup_wide">
   <labels_placement type="string" name="labels_placement" >left</labels_placement>
   <width type="string" name="width" >135px</width></elm_checkboxgroup_wide>
  <elm_radio_all type="object" name="elm_radio_all">
   <labels_placement type="string" name="labels_placement" >left</labels_placement>
   <margin-left type="string" name="margin-left" >2px</margin-left>
   <padding-top type="string" name="padding-top" >2px</padding-top>
   <padding-right type="string" name="padding-right" >2px</padding-right>
   <padding-bottom type="string" name="padding-bottom" >2px</padding-bottom>
   <padding-left type="string" name="padding-left" >2px</padding-left></elm_radio_all>
  <elm_radiogroup_all type="object" name="elm_radiogroup_all">
   <padding-top type="string" name="padding-top" >2px</padding-top>
   <padding-right type="string" name="padding-right" >2px</padding-right>
   <padding-bottom type="string" name="padding-bottom" >2px</padding-bottom>
   <padding-left type="string" name="padding-left" >2px</padding-left></elm_radiogroup_all>
  <elm_radiogroup_onecolumn type="object" name="elm_radiogroup_onecolumn">
   <labels_placement type="string" name="labels_placement" >left</labels_placement></elm_radiogroup_onecolumn>
  <elm_radiogroup_narrow type="object" name="elm_radiogroup_narrow">
   <labels_placement type="string" name="labels_placement" >left</labels_placement>
   <width type="string" name="width" >60px</width></elm_radiogroup_narrow>
  <elm_radiogroup_wide type="object" name="elm_radiogroup_wide">
   <labels_placement type="string" name="labels_placement" >left</labels_placement>
   <width type="string" name="width" >135px</width></elm_radiogroup_wide>
  <elm_file_all type="object" name="elm_file_all"></elm_file_all>
  <elm_file_small type="object" name="elm_file_small">
   <width type="string" name="width" >20</width></elm_file_small>
  <elm_file_large type="object" name="elm_file_large">
   <width type="string" name="width" >30</width></elm_file_large>
  <elm_datepicker_all type="object" name="elm_datepicker_all"></elm_datepicker_all>
  <elm_captcha_all type="object" name="elm_captcha_all">
   <font_file type="string" name="font_file" >MOM_T___.TTF</font_file>
   <margin type="string" name="margin" >0 0 -7px 2px</margin>
   <font_color type="string" name="font_color" >#040404</font_color>
   <noise_level type="string" name="noise_level" >15</noise_level>
   <noise_color type="string" name="noise_color" >#060606</noise_color>
   <grid_color type="string" name="grid_color" >#080808</grid_color>
   <input_size type="string" name="input_size" >Large</input_size>
   <noise_placement type="string" name="noise_placement" >default</noise_placement>
   <grid_level type="string" name="grid_level" >none</grid_level>
   <grid_placement type="string" name="grid_placement" >default</grid_placement></elm_captcha_all>
  <elm_htmleditor_all type="object" name="elm_htmleditor_all"></elm_htmleditor_all>
  <elm_htmleditor_large type="object" name="elm_htmleditor_large">
   <editor_preset type="string" name="editor_preset" >Full</editor_preset>
   <editor_skin type="string" name="editor_skin" >kama</editor_skin>
   <editor_width type="string" name="editor_width" >514px</editor_width>
   <editor_height type="string" name="editor_height" >350px</editor_height>
   <editor_initial type="string" name="editor_initial" ></editor_initial></elm_htmleditor_large>
  <elm_htmleditor_medium type="object" name="elm_htmleditor_medium">
   <editor_preset type="string" name="editor_preset" >Normal</editor_preset>
   <editor_skin type="string" name="editor_skin" >kama</editor_skin>
   <editor_width type="string" name="editor_width" >382px</editor_width>
   <editor_height type="string" name="editor_height" >250px</editor_height>
   <editor_initial type="string" name="editor_initial" ></editor_initial></elm_htmleditor_medium>
  <elm_htmleditor_small type="object" name="elm_htmleditor_small">
   <editor_preset type="string" name="editor_preset" >Compact</editor_preset>
   <editor_skin type="string" name="editor_skin" >kama</editor_skin>
   <editor_width type="string" name="editor_width" >252px</editor_width>
   <editor_height type="string" name="editor_height" >150px</editor_height>
   <editor_initial type="string" name="editor_initial" ></editor_initial></elm_htmleditor_small>
  <state_text_initial type="object" name="state_text_initial">
   <background-color type="string" name="background-color" >#FFF</background-color></state_text_initial>
  <state_text_active type="object" name="state_text_active">
   <background-color type="string" name="background-color" >#FFFFCC</background-color></state_text_active>
  <state_text_valid type="object" name="state_text_valid">
   <background-color type="string" name="background-color" >#B8F5B1</background-color></state_text_valid>
  <state_text_invalid type="object" name="state_text_invalid">
   <background-color type="string" name="background-color" >#FF9F9F</background-color></state_text_invalid>
  <state_textarea_initial type="object" name="state_textarea_initial">
   <background-color type="string" name="background-color" >#FFF</background-color></state_textarea_initial>
  <state_textarea_active type="object" name="state_textarea_active">
   <background-color type="string" name="background-color" >#FFFFCC</background-color></state_textarea_active>
  <state_textarea_valid type="object" name="state_textarea_valid">
   <background-color type="string" name="background-color" >#B8F5B1</background-color></state_textarea_valid>
  <state_textarea_invalid type="object" name="state_textarea_invalid">
   <background-color type="string" name="background-color" >#FF9F9F</background-color></state_textarea_invalid>
  <state_select_initial type="object" name="state_select_initial">
   <background-color type="string" name="background-color" >#FFF</background-color></state_select_initial>
  <state_select_active type="object" name="state_select_active">
   <background-color type="string" name="background-color" >#FFFFCC</background-color></state_select_active>
  <state_select_valid type="object" name="state_select_valid">
   <background-color type="string" name="background-color" >#B8F5B1</background-color></state_select_valid>
  <state_select_invalid type="object" name="state_select_invalid">
   <background-color type="string" name="background-color" >#FF9F9F</background-color></state_select_invalid>
  <state_checkbox_initial type="object" name="state_checkbox_initial">
   <background-color type="string" name="background-color" >#FFF</background-color></state_checkbox_initial>
  <state_checkbox_active type="object" name="state_checkbox_active">
   <background-color type="string" name="background-color" >#FFF</background-color></state_checkbox_active>
  <state_checkbox_valid type="object" name="state_checkbox_valid">
   <background-color type="string" name="background-color" >#B8F5B1</background-color></state_checkbox_valid>
  <state_checkbox_invalid type="object" name="state_checkbox_invalid">
   <background-color type="string" name="background-color" >#FF9F9F</background-color></state_checkbox_invalid>
  <state_radio_initial type="object" name="state_radio_initial">
   <background-color type="string" name="background-color" >#FFF</background-color></state_radio_initial>
  <state_radio_active type="object" name="state_radio_active">
   <background-color type="string" name="background-color" >#FFF</background-color></state_radio_active>
  <state_radio_valid type="object" name="state_radio_valid">
   <background-color type="string" name="background-color" >#B8F5B1</background-color></state_radio_valid>
  <state_radio_invalid type="object" name="state_radio_invalid">
   <background-color type="string" name="background-color" >#FF9F9F</background-color></state_radio_invalid>
  <validation type="object" name="validation">
   <required_indicator type="string" name="required_indicator" >&nbsp;*</required_indicator>
   <use_server type="string" name="use_server" >true</use_server>
   <use_client type="string" name="use_client" >true</use_client>
   <validation_onblur type="string" name="validation_onblur" >true</validation_onblur>
   <validation_location type="string" name="validation_location" >right</validation_location>
   <color type="string" name="color" >#b40000</color></validation>
  <button type="object" name="button">
   <position_inside type="string" name="position_inside" >true</position_inside></button>
  <button_span type="object" name="button_span">
   <padding-top type="string" name="padding-top" >15px</padding-top>
   <padding-left type="string" name="padding-left" >125px</padding-left></button_span>
  <same_as type="object" name="same_as"></same_as>
  <preceding_text type="object" name="preceding_text"></preceding_text>
  <appended_text type="object" name="appended_text">
   <text_location type="string" name="text_location" >below</text_location></appended_text></settings></theme_object>
<altrow type="string" name="altrow" >CCF0FF</altrow>
<image_html type="string" name="image_html" ></image_html>
<vtProps type="string" name="vtProps" >Bloom.xml</vtProps></design_object>
<button_design type="boolean" name="button_design" >false</button_design>
<database_connection type="string" name="database_connection" >local</database_connection>
<database_create_statement type="string" name="database_create_statement" >CREATE TABLE `bc_news` (
  `news_id` int(10) unsigned NOT NULL AUTO_INCREMENT,
  `news_title` varchar(255) COLLATE utf8_unicode_ci NOT NULL,
  `featured_image` varchar(400) COLLATE utf8_unicode_ci NOT NULL,
  `news_callout` text COLLATE utf8_unicode_ci NOT NULL,
  `news_body` mediumtext COLLATE utf8_unicode_ci NOT NULL,
  `news_author` varchar(255) COLLATE utf8_unicode_ci NOT NULL,
  `news_date_submitted` date NOT NULL,
  `publish` set('yes','no','pending') COLLATE utf8_unicode_ci NOT NULL DEFAULT 'pending',
  `news_date_published` date DEFAULT NULL,
  `news_featured` set('yes','no') COLLATE utf8_unicode_ci NOT NULL DEFAULT 'no',
  `tags` text COLLATE utf8_unicode_ci,
  `parent` varchar(255) COLLATE utf8_unicode_ci DEFAULT NULL,
  `game_system` text COLLATE utf8_unicode_ci,
  `news_submitted_IP_number` varchar(50) COLLATE utf8_unicode_ci NOT NULL,
  PRIMARY KEY (`news_id`)
) ENGINE=MyISAM AUTO_INCREMENT=50 DEFAULT CHARSET=utf8 COLLATE=utf8_unicode_ci</database_create_statement>
<database_create_table type="string" name="database_create_table" >bc_news</database_create_table>
<database_create_key type="string" name="database_create_key" >id</database_create_key>
<button_css type="string" name="button_css" ></button_css>
<button_html type="string" name="button_html" ></button_html>
<form_css type="string" name="form_css" ></form_css>
<table_name type="string" name="table_name" >user_login</table_name>
<new_table type="string" name="new_table" >user_login</new_table>
<key_column type="string" name="key_column" >id</key_column>
<available_columns type="object" name="available_columns">
<available_columns_array_member type="object" name="0">
 <column type="string" name="column" >id</column>
 <label type="string" name="label" >id:</label>
 <linkToDetail type="boolean" name="linkToDetail" >false</linkToDetail>
 <displayAs type="string" name="displayAs" >Text field</displayAs>
 <criteria type="string" name="criteria" >=</criteria>
 <isKey type="boolean" name="isKey" >true</isKey>
 <dbColumnType type="string" name="dbColumnType" >int</dbColumnType>
 <submitAs type="string" name="submitAs" >Text</submitAs>
 <dynamicMenuSettings type="object" name="dynamicMenuSettings"></dynamicMenuSettings>
 <name type="string" name="name" >id</name>
 <datatype type="string" name="datatype" >Numeric</datatype>
 <fieldsize type="string" name="fieldsize" >medium</fieldsize>
 <fieldtype type="string" name="fieldtype" >text</fieldtype>
 <is_unique type="boolean" name="is_unique" >false</is_unique>
 <is_required type="boolean" name="is_required" >false</is_required>
 <encryption type="string" name="encryption" ></encryption>
 <validation_settings type="object" name="validation_settings">
  <type type="string" name="type" >none</type></validation_settings></available_columns_array_member>
<available_columns_array_member type="object" name="1">
 <column type="string" name="column" >email</column>
 <label type="string" name="label" >Email:</label>
 <linkToDetail type="boolean" name="linkToDetail" >false</linkToDetail>
 <displayAs type="string" name="displayAs" >Text field</displayAs>
 <criteria type="string" name="criteria" >Includes</criteria>
 <isKey type="boolean" name="isKey" >false</isKey>
 <dbColumnType type="string" name="dbColumnType" >varchar</dbColumnType>
 <submitAs type="string" name="submitAs" >Text</submitAs>
 <dynamicMenuSettings type="object" name="dynamicMenuSettings"></dynamicMenuSettings>
 <name type="string" name="name" >email</name>
 <datatype type="string" name="datatype" >Text</datatype>
 <fieldsize type="string" name="fieldsize" >medium</fieldsize>
 <fieldtype type="string" name="fieldtype" >text</fieldtype>
 <is_unique type="boolean" name="is_unique" >true</is_unique>
 <is_required type="boolean" name="is_required" >true</is_required>
 <encryption type="string" name="encryption" ></encryption>
 <validation_settings type="object" name="validation_settings">
  <type type="string" name="type" >email</type></validation_settings></available_columns_array_member>
<available_columns_array_member type="object" name="2">
 <column type="string" name="column" >password</column>
 <label type="string" name="label" >password:</label>
 <linkToDetail type="boolean" name="linkToDetail" >false</linkToDetail>
 <displayAs type="string" name="displayAs" >Text field</displayAs>
 <criteria type="string" name="criteria" >Includes</criteria>
 <isKey type="boolean" name="isKey" >false</isKey>
 <dbColumnType type="string" name="dbColumnType" >varchar</dbColumnType>
 <submitAs type="string" name="submitAs" >Text</submitAs>
 <dynamicMenuSettings type="object" name="dynamicMenuSettings"></dynamicMenuSettings>
 <name type="string" name="name" >password</name>
 <datatype type="string" name="datatype" >Text</datatype>
 <fieldsize type="string" name="fieldsize" >large</fieldsize>
 <fieldtype type="string" name="fieldtype" >password</fieldtype>
 <is_unique type="boolean" name="is_unique" >false</is_unique>
 <is_required type="boolean" name="is_required" >true</is_required>
 <encryption type="string" name="encryption" >md5</encryption>
 <validation_settings type="object" name="validation_settings">
  <isConfirm type="boolean" name="isConfirm" >false</isConfirm></validation_settings></available_columns_array_member>
<available_columns_array_member type="object" name="3">
 <column type="string" name="column" >activation_key</column>
 <label type="string" name="label" >activation_key:</label>
 <linkToDetail type="boolean" name="linkToDetail" >false</linkToDetail>
 <displayAs type="string" name="displayAs" >Text field</displayAs>
 <criteria type="string" name="criteria" >Includes</criteria>
 <isKey type="boolean" name="isKey" >false</isKey>
 <dbColumnType type="string" name="dbColumnType" >varchar</dbColumnType>
 <submitAs type="string" name="submitAs" >Text</submitAs>
 <dynamicMenuSettings type="object" name="dynamicMenuSettings"></dynamicMenuSettings>
 <name type="string" name="name" >activation_key</name>
 <datatype type="string" name="datatype" >Text</datatype>
 <fieldsize type="string" name="fieldsize" >large</fieldsize>
 <fieldtype type="string" name="fieldtype" >text</fieldtype>
 <is_unique type="boolean" name="is_unique" >false</is_unique>
 <is_required type="boolean" name="is_required" >false</is_required>
 <encryption type="string" name="encryption" ></encryption>
 <validation_settings type="object" name="validation_settings">
  <type type="string" name="type" >none</type></validation_settings></available_columns_array_member>
<available_columns_array_member type="object" name="4">
 <column type="string" name="column" >activation_state</column>
 <label type="string" name="label" >activation_state:</label>
 <linkToDetail type="boolean" name="linkToDetail" >false</linkToDetail>
 <displayAs type="string" name="displayAs" >Text field</displayAs>
 <criteria type="string" name="criteria" >=</criteria>
 <isKey type="boolean" name="isKey" >false</isKey>
 <dbColumnType type="string" name="dbColumnType" >tinyint</dbColumnType>
 <submitAs type="string" name="submitAs" >Text</submitAs>
 <dynamicMenuSettings type="object" name="dynamicMenuSettings"></dynamicMenuSettings>
 <name type="string" name="name" >activation_state</name>
 <datatype type="string" name="datatype" >Numeric</datatype>
 <fieldsize type="string" name="fieldsize" >large</fieldsize>
 <fieldtype type="string" name="fieldtype" >menu</fieldtype>
 <is_unique type="boolean" name="is_unique" >false</is_unique>
 <is_required type="boolean" name="is_required" >false</is_required>
 <encryption type="string" name="encryption" ></encryption>
 <validation_settings type="object" name="validation_settings">
  <notInvalidValue type="boolean" name="notInvalidValue" >false</notInvalidValue></validation_settings></available_columns_array_member>
<available_columns_array_member type="object" name="5">
 <column type="string" name="column" >firstName</column>
 <label type="string" name="label" >First Name:</label>
 <linkToDetail type="boolean" name="linkToDetail" >false</linkToDetail>
 <displayAs type="string" name="displayAs" >Text field</displayAs>
 <criteria type="string" name="criteria" >Includes</criteria>
 <isKey type="boolean" name="isKey" >false</isKey>
 <dbColumnType type="string" name="dbColumnType" >varchar</dbColumnType>
 <submitAs type="string" name="submitAs" >Text</submitAs>
 <dynamicMenuSettings type="object" name="dynamicMenuSettings"></dynamicMenuSettings>
 <name type="string" name="name" >firstName</name>
 <datatype type="string" name="datatype" >Text</datatype>
 <fieldsize type="string" name="fieldsize" >medium</fieldsize>
 <fieldtype type="string" name="fieldtype" >text</fieldtype>
 <is_unique type="boolean" name="is_unique" >false</is_unique>
 <is_required type="boolean" name="is_required" >false</is_required>
 <encryption type="string" name="encryption" ></encryption>
 <validation_settings type="object" name="validation_settings">
  <type type="string" name="type" >none</type></validation_settings></available_columns_array_member>
<available_columns_array_member type="object" name="6">
 <column type="string" name="column" >lastName</column>
 <label type="string" name="label" >Last Name:</label>
 <linkToDetail type="boolean" name="linkToDetail" >false</linkToDetail>
 <displayAs type="string" name="displayAs" >Text field</displayAs>
 <criteria type="string" name="criteria" >Includes</criteria>
 <isKey type="boolean" name="isKey" >false</isKey>
 <dbColumnType type="string" name="dbColumnType" >varchar</dbColumnType>
 <submitAs type="string" name="submitAs" >Text</submitAs>
 <dynamicMenuSettings type="object" name="dynamicMenuSettings"></dynamicMenuSettings>
 <name type="string" name="name" >lastName</name>
 <datatype type="string" name="datatype" >Text</datatype>
 <fieldsize type="string" name="fieldsize" >medium</fieldsize>
 <fieldtype type="string" name="fieldtype" >text</fieldtype>
 <is_unique type="boolean" name="is_unique" >false</is_unique>
 <is_required type="boolean" name="is_required" >false</is_required>
 <encryption type="string" name="encryption" ></encryption>
 <validation_settings type="object" name="validation_settings">
  <type type="string" name="type" >none</type></validation_settings></available_columns_array_member>
<available_columns_array_member type="object" name="7">
 <column type="string" name="column" >join_date</column>
 <label type="string" name="label" >Date Joined:</label>
 <linkToDetail type="boolean" name="linkToDetail" >false</linkToDetail>
 <displayAs type="string" name="displayAs" >Text field</displayAs>
 <criteria type="string" name="criteria" >=</criteria>
 <isKey type="boolean" name="isKey" >false</isKey>
 <dbColumnType type="string" name="dbColumnType" >timestamp</dbColumnType>
 <submitAs type="string" name="submitAs" >Datepicker</submitAs>
 <dynamicMenuSettings type="object" name="dynamicMenuSettings"></dynamicMenuSettings>
 <name type="string" name="name" >join_date</name>
 <datatype type="string" name="datatype" >Date</datatype>
 <fieldsize type="string" name="fieldsize" >standard</fieldsize>
 <fieldtype type="string" name="fieldtype" >datepicker</fieldtype>
 <is_unique type="boolean" name="is_unique" >false</is_unique>
 <is_required type="boolean" name="is_required" >false</is_required>
 <encryption type="string" name="encryption" ></encryption>
 <validation_settings type="object" name="validation_settings"></validation_settings></available_columns_array_member>
<available_columns_array_member type="object" name="8">
 <column type="string" name="column" >tourneyAdmin</column>
 <label type="string" name="label" >Tournament Admin:</label>
 <linkToDetail type="boolean" name="linkToDetail" >false</linkToDetail>
 <displayAs type="string" name="displayAs" >Text field</displayAs>
 <criteria type="string" name="criteria" >Includes</criteria>
 <isKey type="boolean" name="isKey" >false</isKey>
 <dbColumnType type="string" name="dbColumnType" >enum</dbColumnType>
 <submitAs type="string" name="submitAs" >Text</submitAs>
 <dynamicMenuSettings type="object" name="dynamicMenuSettings">
  <connection type="string" name="connection" >local</connection>
  <table type="string" name="table" >BinaryMenuChoice</table>
  <listValue type="string" name="listValue" >choiceTitle</listValue>
  <listLabel type="string" name="listLabel" >choiceTitle</listLabel>
  <listOrderBy type="string" name="listOrderBy" >choiceTitle</listOrderBy>
  <orderByDirection type="string" name="orderByDirection" >DESC</orderByDirection>
  <includeStatic type="boolean" name="includeStatic" >false</includeStatic>
  <staticLabel type="string" name="staticLabel" ></staticLabel>
  <createStatement type="string" name="createStatement" >CREATE TABLE `BinaryMenuChoice` (
  `choiceID` int(11) unsigned NOT NULL AUTO_INCREMENT,
  `choiceTitle` varchar(10) COLLATE utf8_unicode_ci NOT NULL,
  `choiceValue` int(1) NOT NULL,
  `choiceType` varchar(20) COLLATE utf8_unicode_ci NOT NULL,
  PRIMARY KEY (`choiceID`)
) ENGINE=MyISAM AUTO_INCREMENT=3 DEFAULT CHARSET=utf8 COLLATE=utf8_unicode_ci</createStatement></dynamicMenuSettings>
 <name type="string" name="name" >tourneyAdmin</name>
 <datatype type="string" name="datatype" >Text</datatype>
 <fieldsize type="string" name="fieldsize" >medium</fieldsize>
 <fieldtype type="string" name="fieldtype" >menu</fieldtype>
 <is_unique type="boolean" name="is_unique" >false</is_unique>
 <is_required type="boolean" name="is_required" >false</is_required>
 <encryption type="string" name="encryption" ></encryption>
 <validation_settings type="object" name="validation_settings">
  <notInvalidValue type="boolean" name="notInvalidValue" >false</notInvalidValue></validation_settings></available_columns_array_member>
<available_columns_array_member type="object" name="9">
 <column type="string" name="column" >EventAdmin</column>
 <label type="string" name="label" >Event Admin:</label>
 <linkToDetail type="boolean" name="linkToDetail" >false</linkToDetail>
 <displayAs type="string" name="displayAs" >Text field</displayAs>
 <criteria type="string" name="criteria" >Includes</criteria>
 <isKey type="boolean" name="isKey" >false</isKey>
 <dbColumnType type="string" name="dbColumnType" >enum</dbColumnType>
 <submitAs type="string" name="submitAs" >Text</submitAs>
 <dynamicMenuSettings type="object" name="dynamicMenuSettings">
  <connection type="string" name="connection" >local</connection>
  <table type="string" name="table" >BinaryMenuChoice</table>
  <listValue type="string" name="listValue" >choiceValue</listValue>
  <listLabel type="string" name="listLabel" >choiceValue</listLabel>
  <listOrderBy type="string" name="listOrderBy" >choiceTitle</listOrderBy>
  <orderByDirection type="string" name="orderByDirection" >DESC</orderByDirection>
  <includeStatic type="boolean" name="includeStatic" >false</includeStatic>
  <staticLabel type="string" name="staticLabel" ></staticLabel>
  <createStatement type="string" name="createStatement" >CREATE TABLE `BinaryMenuChoice` (
  `choiceID` int(11) unsigned NOT NULL AUTO_INCREMENT,
  `choiceTitle` varchar(10) COLLATE utf8_unicode_ci NOT NULL,
  `choiceValue` int(1) NOT NULL,
  `choiceType` varchar(20) COLLATE utf8_unicode_ci NOT NULL,
  PRIMARY KEY (`choiceID`)
) ENGINE=MyISAM AUTO_INCREMENT=3 DEFAULT CHARSET=utf8 COLLATE=utf8_unicode_ci</createStatement></dynamicMenuSettings>
 <name type="string" name="name" >EventAdmin</name>
 <datatype type="string" name="datatype" >Text</datatype>
 <fieldsize type="string" name="fieldsize" >medium</fieldsize>
 <fieldtype type="string" name="fieldtype" >menu</fieldtype>
 <is_unique type="boolean" name="is_unique" >false</is_unique>
 <is_required type="boolean" name="is_required" >false</is_required>
 <encryption type="string" name="encryption" ></encryption>
 <validation_settings type="object" name="validation_settings">
  <notInvalidValue type="boolean" name="notInvalidValue" >false</notInvalidValue></validation_settings></available_columns_array_member>
<available_columns_array_member type="object" name="10">
 <column type="string" name="column" >NewsContributor</column>
 <label type="string" name="label" >News Contributor:</label>
 <linkToDetail type="boolean" name="linkToDetail" >false</linkToDetail>
 <displayAs type="string" name="displayAs" >Text field</displayAs>
 <criteria type="string" name="criteria" >Includes</criteria>
 <isKey type="boolean" name="isKey" >false</isKey>
 <dbColumnType type="string" name="dbColumnType" >enum</dbColumnType>
 <submitAs type="string" name="submitAs" >Text</submitAs>
 <dynamicMenuSettings type="object" name="dynamicMenuSettings">
  <connection type="string" name="connection" >local</connection>
  <table type="string" name="table" >BinaryMenuChoice</table>
  <listValue type="string" name="listValue" >choiceTitle</listValue>
  <listLabel type="string" name="listLabel" >choiceTitle</listLabel>
  <listOrderBy type="string" name="listOrderBy" >choiceTitle</listOrderBy>
  <orderByDirection type="string" name="orderByDirection" >DESC</orderByDirection>
  <includeStatic type="boolean" name="includeStatic" >false</includeStatic>
  <staticLabel type="string" name="staticLabel" ></staticLabel>
  <createStatement type="string" name="createStatement" >CREATE TABLE `BinaryMenuChoice` (
  `choiceID` int(11) unsigned NOT NULL AUTO_INCREMENT,
  `choiceTitle` varchar(10) COLLATE utf8_unicode_ci NOT NULL,
  `choiceValue` int(1) NOT NULL,
  `choiceType` varchar(20) COLLATE utf8_unicode_ci NOT NULL,
  PRIMARY KEY (`choiceID`)
) ENGINE=MyISAM AUTO_INCREMENT=3 DEFAULT CHARSET=utf8 COLLATE=utf8_unicode_ci</createStatement></dynamicMenuSettings>
 <name type="string" name="name" >NewsContributor</name>
 <datatype type="string" name="datatype" >Text</datatype>
 <fieldsize type="string" name="fieldsize" >medium</fieldsize>
 <fieldtype type="string" name="fieldtype" >menu</fieldtype>
 <is_unique type="boolean" name="is_unique" >false</is_unique>
 <is_required type="boolean" name="is_required" >false</is_required>
 <encryption type="string" name="encryption" ></encryption>
 <validation_settings type="object" name="validation_settings">
  <notInvalidValue type="boolean" name="notInvalidValue" >false</notInvalidValue></validation_settings></available_columns_array_member>
<available_columns_array_member type="object" name="11">
 <column type="string" name="column" >venueAdmin</column>
 <label type="string" name="label" >Venue/Store Admin:</label>
 <linkToDetail type="boolean" name="linkToDetail" >false</linkToDetail>
 <displayAs type="string" name="displayAs" >Text field</displayAs>
 <criteria type="string" name="criteria" >Includes</criteria>
 <isKey type="boolean" name="isKey" >false</isKey>
 <dbColumnType type="string" name="dbColumnType" >enum</dbColumnType>
 <submitAs type="string" name="submitAs" >Text</submitAs>
 <dynamicMenuSettings type="object" name="dynamicMenuSettings">
  <connection type="string" name="connection" >local</connection>
  <table type="string" name="table" >BinaryMenuChoice</table>
  <listValue type="string" name="listValue" >choiceTitle</listValue>
  <listLabel type="string" name="listLabel" >choiceTitle</listLabel>
  <listOrderBy type="string" name="listOrderBy" >choiceTitle</listOrderBy>
  <orderByDirection type="string" name="orderByDirection" >DESC</orderByDirection>
  <includeStatic type="boolean" name="includeStatic" >false</includeStatic>
  <staticLabel type="string" name="staticLabel" ></staticLabel>
  <createStatement type="string" name="createStatement" >CREATE TABLE `BinaryMenuChoice` (
  `choiceID` int(11) unsigned NOT NULL AUTO_INCREMENT,
  `choiceTitle` varchar(10) COLLATE utf8_unicode_ci NOT NULL,
  `choiceValue` int(1) NOT NULL,
  `choiceType` varchar(20) COLLATE utf8_unicode_ci NOT NULL,
  PRIMARY KEY (`choiceID`)
) ENGINE=MyISAM AUTO_INCREMENT=3 DEFAULT CHARSET=utf8 COLLATE=utf8_unicode_ci</createStatement></dynamicMenuSettings>
 <name type="string" name="name" >venueAdmin</name>
 <datatype type="string" name="datatype" >Text</datatype>
 <fieldsize type="string" name="fieldsize" >medium</fieldsize>
 <fieldtype type="string" name="fieldtype" >menu</fieldtype>
 <is_unique type="boolean" name="is_unique" >false</is_unique>
 <is_required type="boolean" name="is_required" >false</is_required>
 <encryption type="string" name="encryption" ></encryption>
 <validation_settings type="object" name="validation_settings">
  <notInvalidValue type="boolean" name="notInvalidValue" >false</notInvalidValue></validation_settings></available_columns_array_member></available_columns>
<pages type="object" name="pages">
<insert_page type="object" name="insert_page">
 <include type="boolean" name="include" >true</include>
 <path type="string" name="path" >user_login_insert.php</path>
 <settings type="object" name="settings">
  <columns type="object" name="columns">
   <columns_array_member type="object" name="0">
    <name type="string" name="name" >email</name></columns_array_member>
   <columns_array_member type="object" name="1">
    <name type="string" name="name" >password</name></columns_array_member>
   <columns_array_member type="object" name="2">
    <name type="string" name="name" >activation_key</name></columns_array_member>
   <columns_array_member type="object" name="3">
    <name type="string" name="name" >activation_state</name></columns_array_member>
   <columns_array_member type="object" name="4">
    <name type="string" name="name" >firstName</name></columns_array_member>
   <columns_array_member type="object" name="5">
    <name type="string" name="name" >lastName</name></columns_array_member>
   <columns_array_member type="object" name="6">
    <name type="string" name="name" >join_date</name></columns_array_member>
   <columns_array_member type="object" name="7">
    <name type="string" name="name" >tourneyAdmin</name></columns_array_member>
   <columns_array_member type="object" name="8">
    <name type="string" name="name" >EventAdmin</name></columns_array_member>
   <columns_array_member type="object" name="9">
    <name type="string" name="name" >NewsContributor</name></columns_array_member>
   <columns_array_member type="object" name="10">
    <name type="string" name="name" >venueAdmin</name></columns_array_member></columns></settings></insert_page>
<update_page type="object" name="update_page">
 <include type="boolean" name="include" >true</include>
 <path type="string" name="path" >user_login_update.php</path>
 <settings type="object" name="settings">
  <columns type="object" name="columns">
   <columns_array_member type="object" name="0">
    <name type="string" name="name" >email</name></columns_array_member>
   <columns_array_member type="object" name="1">
    <name type="string" name="name" >password</name></columns_array_member>
   <columns_array_member type="object" name="2">
    <name type="string" name="name" >activation_key</name></columns_array_member>
   <columns_array_member type="object" name="3">
    <name type="string" name="name" >activation_state</name></columns_array_member>
   <columns_array_member type="object" name="4">
    <name type="string" name="name" >firstName</name></columns_array_member>
   <columns_array_member type="object" name="5">
    <name type="string" name="name" >lastName</name></columns_array_member>
   <columns_array_member type="object" name="6">
    <name type="string" name="name" >join_date</name></columns_array_member>
   <columns_array_member type="object" name="7">
    <name type="string" name="name" >tourneyAdmin</name></columns_array_member>
   <columns_array_member type="object" name="8">
    <name type="string" name="name" >EventAdmin</name></columns_array_member>
   <columns_array_member type="object" name="9">
    <name type="string" name="name" >NewsContributor</name></columns_array_member>
   <columns_array_member type="object" name="10">
    <name type="string" name="name" >venueAdmin</name></columns_array_member></columns></settings></update_page>
<results_page type="object" name="results_page">
 <include type="boolean" name="include" >true</include>
 <path type="string" name="path" >user_login_results.php</path>
 <settings type="object" name="settings">
  <available_col_names type="object" name="available_col_names"></available_col_names>
  <available_columns type="object" name="available_columns"></available_columns>
  <layout_type type="string" name="layout_type" >column</layout_type>
  <layout_file type="string" name="layout_file" >Administrative.xml</layout_file>
  <layout_name type="string" name="layout_name" >Administrative</layout_name>
  <layout_object type="boolean" name="layout_object" >false</layout_object>
  <layout_list type="boolean" name="layout_list" >false</layout_list>
  <columns type="object" name="columns">
   <columns_array_member type="object" name="0">
    <name type="string" name="name" >email</name>
    <link_to_detail type="boolean" name="link_to_detail" >true</link_to_detail></columns_array_member>
   <columns_array_member type="object" name="1">
    <name type="string" name="name" >activation_state</name></columns_array_member>
   <columns_array_member type="object" name="2">
    <name type="string" name="name" >firstName</name></columns_array_member>
   <columns_array_member type="object" name="3">
    <name type="string" name="name" >lastName</name></columns_array_member>
   <columns_array_member type="object" name="4">
    <name type="string" name="name" >tourneyAdmin</name></columns_array_member>
   <columns_array_member type="object" name="5">
    <name type="string" name="name" >EventAdmin</name></columns_array_member>
   <columns_array_member type="object" name="6">
    <name type="string" name="name" >NewsContributor</name></columns_array_member>
   <columns_array_member type="object" name="7">
    <name type="string" name="name" >venueAdmin</name></columns_array_member></columns>
  <col_names type="object" name="col_names"></col_names>
  <bindings_data type="object" name="bindings_data"></bindings_data>
  <binding_names type="object" name="binding_names"></binding_names>
  <include_delete type="boolean" name="include_delete" >true</include_delete>
  <rows type="string" name="rows" >15</rows>
  <cols type="number" name="cols" >1</cols></settings></results_page>
<detail_page type="object" name="detail_page">
 <include type="boolean" name="include" >true</include>
 <path type="string" name="path" >user_login_detail.php</path>
 <settings type="object" name="settings">
  <available_col_names type="object" name="available_col_names"></available_col_names>
  <available_columns type="object" name="available_columns"></available_columns>
  <layout_type type="string" name="layout_type" >column</layout_type>
  <layout_file type="string" name="layout_file" >Standard.xml</layout_file>
  <layout_name type="string" name="layout_name" >Standard</layout_name>
  <layout_object type="boolean" name="layout_object" >false</layout_object>
  <layout_list type="boolean" name="layout_list" >false</layout_list>
  <columns type="object" name="columns">
   <columns_array_member type="object" name="0">
    <name type="string" name="name" >email</name></columns_array_member>
   <columns_array_member type="object" name="1">
    <name type="string" name="name" >password</name></columns_array_member>
   <columns_array_member type="object" name="2">
    <name type="string" name="name" >activation_key</name></columns_array_member>
   <columns_array_member type="object" name="3">
    <name type="string" name="name" >activation_state</name></columns_array_member>
   <columns_array_member type="object" name="4">
    <name type="string" name="name" >firstName</name></columns_array_member>
   <columns_array_member type="object" name="5">
    <name type="string" name="name" >lastName</name></columns_array_member>
   <columns_array_member type="object" name="6">
    <name type="string" name="name" >join_date</name></columns_array_member>
   <columns_array_member type="object" name="7">
    <name type="string" name="name" >tourneyAdmin</name></columns_array_member>
   <columns_array_member type="object" name="8">
    <name type="string" name="name" >EventAdmin</name></columns_array_member>
   <columns_array_member type="object" name="9">
    <name type="string" name="name" >NewsContributor</name></columns_array_member>
   <columns_array_member type="object" name="10">
    <name type="string" name="name" >venueAdmin</name></columns_array_member></columns>
  <col_names type="object" name="col_names"></col_names>
  <bindings_data type="object" name="bindings_data"></bindings_data>
  <binding_names type="object" name="binding_names"></binding_names>
  <include_delete type="boolean" name="include_delete" >true</include_delete></settings></detail_page>
<search_page type="object" name="search_page">
 <include type="boolean" name="include" >true</include>
 <path type="string" name="path" >user_login_search.php</path>
 <settings type="object" name="settings">
  <columns type="object" name="columns">
   <columns_array_member type="object" name="0">
    <name type="string" name="name" >email</name>
    <criterion type="string" name="criterion" >Includes</criterion></columns_array_member>
   <columns_array_member type="object" name="1">
    <name type="string" name="name" >activation_state</name>
    <criterion type="string" name="criterion" >=</criterion></columns_array_member>
   <columns_array_member type="object" name="2">
    <name type="string" name="name" >lastName</name>
    <criterion type="string" name="criterion" >Includes</criterion></columns_array_member>
   <columns_array_member type="object" name="3">
    <name type="string" name="name" >tourneyAdmin</name>
    <criterion type="string" name="criterion" >=</criterion></columns_array_member>
   <columns_array_member type="object" name="4">
    <name type="string" name="name" >EventAdmin</name>
    <criterion type="string" name="criterion" >=</criterion></columns_array_member>
   <columns_array_member type="object" name="5">
    <name type="string" name="name" >NewsContributor</name>
    <criterion type="string" name="criterion" >=</criterion></columns_array_member>
   <columns_array_member type="object" name="6">
    <name type="string" name="name" >venueAdmin</name>
    <criterion type="string" name="criterion" >=</criterion></columns_array_member></columns>
  <include type="boolean" name="include" >true</include></settings></search_page></pages>
<server_settings type="object" name="server_settings">
<send_mail type="boolean" name="send_mail" >true</send_mail>
<email_settings type="object" name="email_settings">
 <from_settings type="object" name="from_settings">
  <from_name type="string" name="from_name" ></from_name>
  <from_email type="string" name="from_email" ></from_email></from_settings>
 <to_settings type="object" name="to_settings">
  <to_list type="object" name="to_list"></to_list>
  <to_vals type="object" name="to_vals"></to_vals></to_settings>
 <other_settings type="object" name="other_settings">
  <use_template type="boolean" name="use_template" >false</use_template>
  <template_path type="string" name="template_path" ></template_path>
  <body_string type="string" name="body_string" ></body_string></other_settings>
 <com_settings type="object" name="com_settings"></com_settings></email_settings>
<upload_folder type="string" name="upload_folder" ></upload_folder>
<html_editor_on type="boolean" name="html_editor_on" >false</html_editor_on>
<html_editor_folder type="string" name="html_editor_folder" ></html_editor_folder></server_settings>
<from_layoutmanager type="boolean" name="from_layoutmanager" >false</from_layoutmanager>
<can_create_table type="boolean" name="can_create_table" >true</can_create_table>
<startPath type="string" name="startPath" >{SITEROOT}admin/players/playersLogin/blank.php</startPath></wa_preset>